1,Programming,"or(concept('programming'), concept('software and applications'), concept('software engineering'), concept('computer programming languages'), concept('coding'), concept('development'), concept('software architecture'), concept('web development'), concept('mobile app development'))"
2,Health and Fitness,"or(concept('health'), concept('fitness'), concept('exercise'), concept('nutrition'), concept('athlete'), concept('fitness activities'))"
3,Travel,"or(concept('travel'), concept('backpacking'), concept('luxury travel'), concept('destinations'))"
4,Food and Cooking,"or(concept('food'), concept('cooking'), concept('recipes'), concept('gourmet cuisine'), concept('comfort food'))"
5,Music,"or(concept('music'), concept('genres'), concept('artists'), concept('musical instrument'), concept('classical'), concept('hip hop'))"
6,Sports,"or(concept('sports'), concept('football'), concept('basketball'), concept('teams'))"
7,Fashion,"or(concept('fashion'), concept('haute couture'), concept('streetwear'), concept('trends'), concept('styles'))"
8,Art and Design,"or(concept('arts and entertainment'), concept('handicrafts'), concept('painting'), concept('graphic design'))"
9,Business and Entrepreneurship,"or(concept('business'), concept('entrepreneurship'), concept('startups'), concept('companies'))"
10,Education,"or(concept('education'), concept('K-12'), concept('higher education'), concept('knowledge'))"
11,Photography,"or(concept('photography'), concept('landscape'), concept('portrait photography'), concept('shutterbug'))"
12,Science and Technology,"or(concept('science'), concept('technology'), concept('scientific discoveries'), concept('research'), concept('emerging technologies'), concept('space exploration'), concept('quantum computing'), concept('hardware'), concept('smartphones'), concept('AI'))"
13,Parenting,"or(concept('parenting'), concept('raising children'), concept('newborns'), concept('teenagers'), concept('parenthood'))"
14,Politics,"or(concept('politics'), concept('news'), concept('events'), concept('opinions'), concept('local politics'), concept('global politics'))"
15,Environment and Sustainability,"or(concept('environment'), concept('sustainability'), concept('green living'), concept('climate change'), concept('renewable energy'))"
16,Beauty and Skincare,"or(concept('beauty'), concept('skincare'), concept('makeup'), concept('product recommendations'))"
17,Literature,"or(concept('literature'), concept('books'), concept('literary events'), concept('classic literature'), concept('contemporary fiction'))"
